Month,r,rlagged
1,0.315829372,0.06468531
2,0.304562553,0.141715
3,0.244230808,0.08305274
4,0.274397451,0.1405992
5,0.281569478,0.1792815
6,0.113201718,0.07805251
7,0.255624983,0.2806443
8,-0.003091787,0.2604529
9,0.087771788,0.253018
10,-0.061649633,0.2906626
11,0.07779748,0.2479463
12,0.175763184,0.4004378
